{"cameraMode":{"drawMode":0,"name":"Shaded","section":"Shading Mode"},"sceneLighting":true,"audioPlay":false,"sceneViewState":{"m_AlwaysRefresh":false,"showFog":true,"showSkybox":true,"showFlares":true,"showImageEffects":true,"showParticleSystems":true,"showVisualEffectGraphs":true,"m_FxEnabled":true},"in2DMode":false,"pivot":{"x":6.084279537200928,"y":5.417251110076904,"z":20.203975677490236},"rotation":{"x":0.055420372635126117,"y":-0.09312428534030914,"z":-0.005178495775908232,"w":-0.9941065311431885},"size":19.718820571899415,"orthographic":false}